-- phpMyAdmin SQL Dump
-- version 4.7.9
-- https://www.phpmyadmin.net/
--
-- Host: 127.0.0.1:3306
-- Generation Time: Mar 03, 2019 at 05:03 PM
-- Server version: 5.7.21
-- PHP Version: 5.6.35

SET SQL_MODE = "NO_AUTO_VALUE_ON_ZERO";
SET AUTOCOMMIT = 0;
START TRANSACTION;
SET time_zone = "+00:00";


/*!40101 SET @OLD_CHARACTER_SET_CLIENT=@@CHARACTER_SET_CLIENT */;
/*!40101 SET @OLD_CHARACTER_SET_RESULTS=@@CHARACTER_SET_RESULTS */;
/*!40101 SET @OLD_COLLATION_CONNECTION=@@COLLATION_CONNECTION */;
/*!40101 SET NAMES utf8mb4 */;

--
-- Database: `alazharuni`
--

DELIMITER $$
--
-- Procedures
--
DROP PROCEDURE IF EXISTS `doWhile`$$
CREATE DEFINER=`root`@`localhost` PROCEDURE `doWhile` ()  BEGIN
DECLARE i INT DEFAULT 501; 
WHILE (i <= 516) DO
    INSERT INTO room (BuildingNo, FloorNo, RoomNo,Capacity) values (8, 5, i,5);
    SET i = i+1;
END WHILE;
END$$

DELIMITER ;

-- --------------------------------------------------------

--
-- Table structure for table `address`
--

DROP TABLE IF EXISTS `address`;
CREATE TABLE IF NOT EXISTS `address` (
  `ID` int(10) NOT NULL AUTO_INCREMENT,
  `Name` varchar(20) NOT NULL,
  `Parent_ID` int(10) NOT NULL,
  PRIMARY KEY (`ID`)
) ENGINE=InnoDB AUTO_INCREMENT=13 DEFAULT CHARSET=utf8;

--
-- Dumping data for table `address`
--

INSERT INTO `address` (`ID`, `Name`, `Parent_ID`) VALUES
(1, 'مصر', 0),
(2, 'المانيا', 0),
(3, 'القاهرة', 1),
(9, 'برلين', 2),
(12, 'الاسكندرية', 1);

-- --------------------------------------------------------

--
-- Table structure for table `buildings`
--

DROP TABLE IF EXISTS `buildings`;
CREATE TABLE IF NOT EXISTS `buildings` (
  `ID` int(10) NOT NULL AUTO_INCREMENT,
  `Building` varchar(50) NOT NULL,
  PRIMARY KEY (`ID`)
) ENGINE=InnoDB AUTO_INCREMENT=9 DEFAULT CHARSET=utf8;

--
-- Dumping data for table `buildings`
--

INSERT INTO `buildings` (`ID`, `Building`) VALUES
(1, 'السيدة خديجة أ'),
(2, 'السيدة عائشة ب'),
(3, 'السيدة زينب ج'),
(4, 'السيدة فاطمة د'),
(5, 'السيدة اسماء ه'),
(6, 'السيدة الشيماء و '),
(7, 'السيدة رقية ز'),
(8, 'السيدة حفصة ح');

-- --------------------------------------------------------

--
-- Table structure for table `faculties`
--

DROP TABLE IF EXISTS `faculties`;
CREATE TABLE IF NOT EXISTS `faculties` (
  `ID` int(10) NOT NULL AUTO_INCREMENT,
  `Faculty` varchar(50) NOT NULL,
  PRIMARY KEY (`ID`)
) ENGINE=InnoDB AUTO_INCREMENT=11 DEFAULT CHARSET=utf8;

--
-- Dumping data for table `faculties`
--

INSERT INTO `faculties` (`ID`, `Faculty`) VALUES
(1, 'طب'),
(2, 'طب اسنان'),
(3, 'صيدلة'),
(4, 'هندسة'),
(5, 'علوم'),
(6, 'تربية'),
(7, 'الدراسات الاسلامية و العربية'),
(8, 'الدراسات الانسانية'),
(9, 'التمريض'),
(10, 'التجارة');

-- --------------------------------------------------------

--
-- Table structure for table `grades`
--

DROP TABLE IF EXISTS `grades`;
CREATE TABLE IF NOT EXISTS `grades` (
  `ID` int(10) NOT NULL AUTO_INCREMENT,
  `Grade` varchar(30) NOT NULL,
  PRIMARY KEY (`ID`)
) ENGINE=InnoDB AUTO_INCREMENT=6 DEFAULT CHARSET=utf8;

--
-- Dumping data for table `grades`
--

INSERT INTO `grades` (`ID`, `Grade`) VALUES
(1, 'امتياز'),
(2, 'جيد جدا'),
(3, 'جيد'),
(4, 'مقبول'),
(5, 'راسب');

-- --------------------------------------------------------

--
-- Table structure for table `links`
--

DROP TABLE IF EXISTS `links`;
CREATE TABLE IF NOT EXISTS `links` (
  `ID` int(10) NOT NULL AUTO_INCREMENT,
  `PhysicalAddress` varchar(50) NOT NULL,
  `FriendlyAddress` varchar(50) NOT NULL,
  `HTMLText` mediumtext NOT NULL,
  PRIMARY KEY (`ID`)
) ENGINE=InnoDB AUTO_INCREMENT=26 DEFAULT CHARSET=utf8;

--
-- Dumping data for table `links`
--

INSERT INTO `links` (`ID`, `PhysicalAddress`, `FriendlyAddress`, `HTMLText`) VALUES
(1, 'DeleteUser.php', 'مسح مستخدم', ''),
(2, 'ViewAllUsers.php', 'اظهار جميع المستخدمين', ''),
(3, 'Allpages.php', 'تعديل بياناتك', ''),
(4, 'UpdateSearchUserInfo.php', 'تعديل بيانات احد المستخدمين', ''),
(7, 'AddUser.php', 'اضافة مستخدم جديد', ''),
(8, 'AddUserType.php', 'اضافة مهنة', ''),
(9, 'DeleteUserType.php', 'مسح مهنة', ''),
(10, 'ViewAllUserTypes.php', 'اظهار جميع المهن', ''),
(11, 'UpdateLink.php', 'تعديل اسم صفحة', ''),
(13, 'ViewPermission.php', 'اظهار اذن الاستخدام', ''),
(14, 'DeletePermission.php', 'مسح اذن الاستخدام', ''),
(15, 'AddPermission.php', 'اضافة اذن استخدام', ''),
(16, 'AddRoom.php', 'اضافة غرفة', ''),
(17, 'DeleteReservedRoom.php', 'مسح حجز غرفة', ''),
(18, 'AddReservation.php', 'اضافة حجز غرفة', ''),
(19, 'ViewRoom.php', 'اظهار جميع الغرف', ''),
(20, 'ViewReservation.php', 'اظهار جميع الحجوزات', ''),
(21, 'UpdateReservation.php', 'تعديل حجز غرفة', ''),
(22, 'UpdateRoom.php', 'تعديل غرفة', ''),
(23, 'DeleteRoom.php', 'مسح غرفة', ''),
(24, 'Pay.php', 'دفع المصاريف', '');

-- --------------------------------------------------------

--
-- Table structure for table `options`
--

DROP TABLE IF EXISTS `options`;
CREATE TABLE IF NOT EXISTS `options` (
  `ID` int(10) NOT NULL AUTO_INCREMENT,
  `Name` varchar(50) NOT NULL,
  `Type` text NOT NULL,
  PRIMARY KEY (`ID`)
) ENGINE=InnoDB AUTO_INCREMENT=12 DEFAULT CHARSET=utf8;

--
-- Dumping data for table `options`
--

INSERT INTO `options` (`ID`, `Name`, `Type`) VALUES
(1, 'اسم الحساب', 'StaticString'),
(2, 'الرقم القومي', 'StaticInteger'),
(3, 'رقم الحساب', 'StaticString'),
(4, 'تاريخ الطباعة ', 'StaticDate'),
(5, 'الاسم علي البطاقة', 'String'),
(6, 'رقم البطاقة', 'Integer'),
(7, 'تاريخ انتهاء البطاقة', 'Date'),
(8, 'CVV', 'Integer'),
(9, 'رقم فوري', 'StaticString'),
(10, 'دفع', 'Button'),
(11, 'طبع', 'Print');

-- --------------------------------------------------------

--
-- Table structure for table `paymentmethod`
--

DROP TABLE IF EXISTS `paymentmethod`;
CREATE TABLE IF NOT EXISTS `paymentmethod` (
  `ID` int(10) NOT NULL AUTO_INCREMENT,
  `Type` varchar(50) NOT NULL,
  PRIMARY KEY (`ID`)
) ENGINE=InnoDB AUTO_INCREMENT=4 DEFAULT CHARSET=utf8;

--
-- Dumping data for table `paymentmethod`
--

INSERT INTO `paymentmethod` (`ID`, `Type`) VALUES
(1, 'تحويل بنكي'),
(2, 'فيزا'),
(3, 'فوري');

-- --------------------------------------------------------

--
-- Table structure for table `paymentmethodoptions`
--

DROP TABLE IF EXISTS `paymentmethodoptions`;
CREATE TABLE IF NOT EXISTS `paymentmethodoptions` (
  `ID` int(10) NOT NULL AUTO_INCREMENT,
  `Pay_ID` int(10) NOT NULL,
  `Option_ID` int(10) NOT NULL,
  PRIMARY KEY (`ID`),
  KEY `Pay_ID` (`Pay_ID`),
  KEY `Option_ID` (`Option_ID`),
  KEY `Option_ID_2` (`Option_ID`)
) ENGINE=InnoDB AUTO_INCREMENT=13 DEFAULT CHARSET=utf8;

--
-- Dumping data for table `paymentmethodoptions`
--

INSERT INTO `paymentmethodoptions` (`ID`, `Pay_ID`, `Option_ID`) VALUES
(1, 1, 1),
(2, 1, 2),
(3, 1, 3),
(4, 1, 4),
(5, 2, 5),
(6, 2, 6),
(7, 2, 7),
(8, 2, 8),
(10, 3, 9),
(11, 2, 10),
(12, 1, 11);

-- --------------------------------------------------------

--
-- Table structure for table `paymentmethodoptionsvalue`
--

DROP TABLE IF EXISTS `paymentmethodoptionsvalue`;
CREATE TABLE IF NOT EXISTS `paymentmethodoptionsvalue` (
  `ID` int(10) NOT NULL AUTO_INCREMENT,
  `PaymethodOptions_ID` int(10) NOT NULL,
  `Value` text NOT NULL,
  `Reservation_ID` int(10) NOT NULL,
  PRIMARY KEY (`ID`),
  KEY `Pay_ID` (`PaymethodOptions_ID`,`Reservation_ID`),
  KEY `Reservation_ID` (`Reservation_ID`)
) ENGINE=InnoDB AUTO_INCREMENT=9 DEFAULT CHARSET=utf8;

--
-- Dumping data for table `paymentmethodoptionsvalue`
--

INSERT INTO `paymentmethodoptionsvalue` (`ID`, `PaymethodOptions_ID`, `Value`, `Reservation_ID`) VALUES
(1, 1, 'سكن جامعة الازهر', 1),
(2, 3, '12345678912345', 1),
(3, 10, '12345678912345', 1),
(5, 5, '', 1),
(6, 6, '', 1),
(7, 7, '', 1),
(8, 8, '', 1);

-- --------------------------------------------------------

--
-- Table structure for table `reservation`
--

DROP TABLE IF EXISTS `reservation`;
CREATE TABLE IF NOT EXISTS `reservation` (
  `ID` int(10) NOT NULL AUTO_INCREMENT,
  `Student_ID` int(10) NOT NULL,
  `DateFrom` date NOT NULL,
  `DateTo` date NOT NULL,
  PRIMARY KEY (`ID`),
  KEY `Student_ID` (`Student_ID`)
) ENGINE=InnoDB AUTO_INCREMENT=2 DEFAULT CHARSET=utf8;

--
-- Dumping data for table `reservation`
--

INSERT INTO `reservation` (`ID`, `Student_ID`, `DateFrom`, `DateTo`) VALUES
(1, 12, '2019-02-02', '2019-06-13');

-- --------------------------------------------------------

--
-- Table structure for table `reservationdetails`
--

DROP TABLE IF EXISTS `reservationdetails`;
CREATE TABLE IF NOT EXISTS `reservationdetails` (
  `ID` int(10) NOT NULL AUTO_INCREMENT,
  `Room_ID` int(10) NOT NULL,
  `Reservation_ID` int(10) NOT NULL,
  PRIMARY KEY (`ID`),
  KEY `Room_ID` (`Room_ID`,`Reservation_ID`),
  KEY `Reservation_ID` (`Reservation_ID`)
) ENGINE=InnoDB DEFAULT CHARSET=utf8;

-- --------------------------------------------------------

--
-- Table structure for table `room`
--

DROP TABLE IF EXISTS `room`;
CREATE TABLE IF NOT EXISTS `room` (
  `ID` int(10) NOT NULL AUTO_INCREMENT,
  `BuildingNo` int(10) NOT NULL,
  `FloorNo` int(10) NOT NULL,
  `RoomNo` int(10) NOT NULL,
  `Capacity` int(10) NOT NULL,
  PRIMARY KEY (`ID`),
  KEY `Building_ID` (`BuildingNo`)
) ENGINE=InnoDB AUTO_INCREMENT=1603 DEFAULT CHARSET=utf8;

--
-- Dumping data for table `room`
--

INSERT INTO `room` (`ID`, `BuildingNo`, `FloorNo`, `RoomNo`, `Capacity`) VALUES
(1, 1, 1, 101, 5),
(2, 1, 1, 102, 2),
(3, 1, 1, 103, 5),
(4, 1, 1, 104, 5),
(5, 1, 1, 105, 5),
(6, 1, 1, 106, 5),
(7, 1, 1, 107, 5),
(8, 1, 1, 108, 5),
(9, 1, 1, 109, 5),
(10, 1, 1, 110, 5),
(11, 1, 1, 111, 5),
(12, 1, 1, 112, 5),
(13, 1, 1, 113, 5),
(14, 1, 1, 114, 5),
(15, 1, 1, 115, 5),
(16, 1, 1, 116, 5),
(17, 1, 1, 117, 5),
(18, 1, 1, 118, 5),
(19, 1, 1, 119, 5),
(20, 1, 1, 120, 5),
(21, 1, 1, 121, 5),
(22, 1, 1, 122, 5),
(23, 1, 1, 123, 5),
(24, 1, 1, 124, 5),
(25, 1, 1, 125, 5),
(26, 1, 1, 126, 5),
(27, 1, 1, 127, 5),
(28, 1, 1, 128, 5),
(29, 1, 1, 129, 5),
(30, 1, 1, 130, 5),
(31, 1, 1, 131, 5),
(32, 1, 1, 132, 5),
(33, 1, 1, 133, 5),
(34, 1, 1, 134, 5),
(35, 1, 1, 135, 5),
(36, 1, 1, 136, 5),
(37, 1, 1, 137, 5),
(38, 1, 1, 138, 5),
(39, 1, 1, 139, 5),
(40, 1, 1, 140, 5),
(41, 1, 1, 141, 5),
(42, 1, 1, 142, 5),
(43, 1, 1, 143, 5),
(44, 1, 1, 144, 5),
(45, 1, 1, 145, 5),
(46, 1, 1, 146, 5),
(47, 1, 1, 147, 5),
(48, 1, 1, 148, 5),
(49, 1, 1, 149, 5),
(50, 1, 1, 150, 5),
(51, 1, 2, 201, 5),
(52, 1, 2, 202, 5),
(53, 1, 2, 203, 5),
(54, 1, 2, 204, 5),
(55, 1, 2, 205, 5),
(56, 1, 2, 206, 5),
(57, 1, 2, 207, 5),
(58, 1, 2, 208, 5),
(59, 1, 2, 209, 5),
(60, 1, 2, 210, 5),
(61, 1, 2, 211, 5),
(62, 1, 2, 212, 5),
(63, 1, 2, 213, 5),
(64, 1, 2, 214, 5),
(65, 1, 2, 215, 5),
(66, 1, 2, 216, 5),
(67, 1, 2, 217, 5),
(68, 1, 2, 218, 5),
(69, 1, 2, 219, 5),
(70, 1, 2, 220, 5),
(71, 1, 2, 221, 5),
(72, 1, 2, 222, 5),
(73, 1, 2, 223, 5),
(74, 1, 2, 224, 5),
(75, 1, 2, 225, 5),
(76, 1, 2, 226, 5),
(77, 1, 2, 227, 5),
(78, 1, 2, 228, 5),
(79, 1, 2, 229, 5),
(80, 1, 2, 230, 5),
(81, 1, 2, 231, 5),
(82, 1, 2, 232, 5),
(83, 1, 2, 233, 5),
(84, 1, 2, 234, 5),
(85, 1, 2, 235, 5),
(86, 1, 2, 236, 5),
(87, 1, 2, 237, 5),
(88, 1, 2, 238, 5),
(89, 1, 2, 239, 5),
(90, 1, 2, 240, 5),
(91, 1, 2, 241, 5),
(92, 1, 2, 242, 5),
(93, 1, 2, 243, 5),
(94, 1, 2, 244, 5),
(95, 1, 2, 245, 5),
(96, 1, 2, 246, 5),
(97, 1, 2, 247, 5),
(98, 1, 2, 248, 5),
(99, 1, 2, 249, 5),
(100, 1, 2, 250, 5),
(101, 1, 3, 301, 5),
(102, 1, 3, 302, 5),
(103, 1, 3, 303, 5),
(104, 1, 3, 304, 5),
(105, 1, 3, 305, 5),
(106, 1, 3, 306, 5),
(107, 1, 3, 307, 5),
(108, 1, 3, 308, 5),
(109, 1, 3, 309, 5),
(110, 1, 3, 310, 5),
(111, 1, 3, 311, 5),
(112, 1, 3, 312, 5),
(113, 1, 3, 313, 5),
(114, 1, 3, 314, 5),
(115, 1, 3, 315, 5),
(116, 1, 3, 316, 5),
(117, 1, 3, 317, 5),
(118, 1, 3, 318, 5),
(119, 1, 3, 319, 5),
(120, 1, 3, 320, 5),
(121, 1, 3, 321, 5),
(122, 1, 3, 322, 5),
(123, 1, 3, 323, 5),
(124, 1, 3, 324, 5),
(125, 1, 3, 325, 5),
(126, 1, 3, 326, 5),
(127, 1, 3, 327, 5),
(128, 1, 3, 328, 5),
(129, 1, 3, 329, 5),
(130, 1, 3, 330, 5),
(131, 1, 3, 331, 5),
(132, 1, 3, 332, 5),
(133, 1, 3, 333, 5),
(134, 1, 3, 334, 5),
(135, 1, 3, 335, 5),
(136, 1, 3, 336, 5),
(137, 1, 3, 337, 5),
(138, 1, 3, 338, 5),
(139, 1, 3, 339, 5),
(140, 1, 3, 340, 5),
(141, 1, 3, 341, 5),
(142, 1, 3, 342, 5),
(143, 1, 3, 343, 5),
(144, 1, 3, 344, 5),
(145, 1, 3, 345, 5),
(146, 1, 3, 346, 5),
(147, 1, 3, 347, 5),
(148, 1, 3, 348, 5),
(149, 1, 3, 349, 5),
(150, 1, 3, 350, 5),
(151, 1, 4, 401, 5),
(152, 1, 4, 402, 5),
(153, 1, 4, 403, 5),
(154, 1, 4, 404, 5),
(155, 1, 4, 405, 5),
(156, 1, 4, 406, 5),
(157, 1, 4, 407, 5),
(158, 1, 4, 408, 5),
(159, 1, 4, 409, 5),
(160, 1, 4, 410, 5),
(161, 1, 4, 411, 5),
(162, 1, 4, 412, 5),
(163, 1, 4, 413, 5),
(164, 1, 4, 414, 5),
(165, 1, 4, 415, 5),
(166, 1, 4, 416, 5),
(167, 1, 4, 417, 5),
(168, 1, 4, 418, 5),
(169, 1, 4, 419, 5),
(170, 1, 4, 420, 5),
(171, 1, 4, 421, 5),
(172, 1, 4, 422, 5),
(173, 1, 4, 423, 5),
(174, 1, 4, 424, 5),
(175, 1, 4, 425, 5),
(176, 1, 4, 426, 5),
(177, 1, 4, 427, 5),
(178, 1, 4, 428, 5),
(179, 1, 4, 429, 5),
(180, 1, 4, 430, 5),
(181, 1, 4, 431, 5),
(182, 1, 4, 432, 5),
(183, 1, 4, 433, 5),
(184, 1, 4, 434, 5),
(185, 1, 4, 435, 5),
(186, 1, 4, 436, 5),
(187, 1, 4, 437, 5),
(188, 1, 4, 438, 5),
(189, 1, 4, 439, 5),
(190, 1, 4, 440, 5),
(191, 1, 4, 441, 5),
(192, 1, 4, 442, 5),
(193, 1, 4, 443, 5),
(194, 1, 4, 444, 5),
(195, 1, 4, 445, 5),
(196, 1, 4, 446, 5),
(197, 1, 4, 447, 5),
(198, 1, 4, 448, 5),
(199, 1, 4, 449, 5),
(200, 1, 4, 450, 5),
(201, 1, 5, 501, 5),
(202, 1, 5, 502, 5),
(203, 1, 5, 503, 5),
(204, 1, 5, 504, 5),
(205, 1, 5, 505, 5),
(206, 1, 5, 506, 5),
(207, 1, 5, 507, 5),
(208, 1, 5, 508, 5),
(209, 1, 5, 509, 5),
(210, 1, 5, 510, 5),
(211, 1, 5, 511, 5),
(212, 1, 5, 512, 5),
(213, 2, 1, 101, 5),
(214, 2, 1, 102, 5),
(215, 2, 1, 103, 5),
(216, 2, 1, 104, 5),
(217, 2, 1, 105, 5),
(218, 2, 1, 106, 5),
(219, 2, 1, 107, 5),
(220, 2, 1, 108, 5),
(221, 2, 1, 109, 5),
(222, 2, 1, 110, 5),
(223, 2, 1, 111, 5),
(224, 2, 1, 112, 5),
(226, 2, 1, 114, 5),
(227, 2, 1, 115, 5),
(228, 2, 1, 116, 5),
(229, 2, 1, 117, 5),
(230, 2, 1, 118, 5),
(231, 2, 1, 119, 5),
(232, 2, 1, 120, 5),
(233, 2, 1, 121, 5),
(234, 2, 1, 122, 5),
(235, 2, 1, 123, 5),
(236, 2, 1, 124, 5),
(237, 2, 1, 125, 5),
(238, 2, 1, 126, 5),
(239, 2, 1, 127, 5),
(240, 2, 1, 128, 5),
(241, 2, 1, 129, 5),
(242, 2, 1, 130, 5),
(244, 2, 1, 132, 5),
(245, 2, 1, 133, 5),
(246, 2, 1, 134, 5),
(247, 2, 1, 135, 5),
(248, 2, 1, 136, 5),
(249, 2, 1, 137, 5),
(250, 2, 1, 138, 5),
(251, 2, 1, 139, 5),
(252, 2, 1, 140, 5),
(253, 2, 1, 141, 5),
(254, 2, 1, 142, 5),
(255, 2, 1, 143, 5),
(256, 2, 1, 144, 5),
(257, 2, 1, 145, 5),
(258, 2, 1, 146, 5),
(259, 2, 1, 147, 5),
(260, 2, 1, 148, 5),
(261, 2, 1, 149, 5),
(262, 2, 1, 150, 5),
(263, 2, 2, 201, 5),
(264, 2, 2, 202, 5),
(265, 2, 2, 203, 5),
(266, 2, 2, 204, 5),
(267, 2, 2, 205, 5),
(268, 2, 2, 206, 5),
(269, 2, 2, 207, 5),
(270, 2, 2, 208, 5),
(271, 2, 2, 209, 5),
(272, 2, 2, 210, 5),
(273, 2, 2, 211, 5),
(274, 2, 2, 212, 5),
(275, 2, 2, 213, 5),
(276, 2, 2, 214, 5),
(277, 2, 2, 215, 5),
(278, 2, 2, 216, 5),
(279, 2, 2, 217, 5),
(280, 2, 2, 218, 5),
(281, 2, 2, 219, 5),
(282, 2, 2, 220, 5),
(283, 2, 2, 221, 5),
(284, 2, 2, 222, 5),
(285, 2, 2, 223, 5),
(286, 2, 2, 224, 5),
(287, 2, 2, 225, 5),
(288, 2, 2, 226, 5),
(289, 2, 2, 227, 5),
(290, 2, 2, 228, 5),
(291, 2, 2, 229, 5),
(292, 2, 2, 230, 5),
(293, 2, 2, 231, 5),
(294, 2, 2, 232, 5),
(295, 2, 2, 233, 5),
(296, 2, 2, 234, 5),
(297, 2, 2, 235, 5),
(298, 2, 2, 236, 5),
(299, 2, 2, 237, 5),
(300, 2, 2, 238, 5),
(301, 2, 2, 239, 5),
(302, 2, 2, 240, 5),
(303, 2, 2, 241, 5),
(304, 2, 2, 242, 5),
(305, 2, 2, 243, 5),
(306, 2, 2, 244, 5),
(307, 2, 2, 245, 5),
(308, 2, 2, 246, 5),
(309, 2, 2, 247, 5),
(310, 2, 2, 248, 5),
(311, 2, 2, 249, 5),
(312, 2, 2, 250, 5),
(313, 2, 3, 301, 5),
(314, 2, 3, 302, 5),
(315, 2, 3, 303, 5),
(316, 2, 3, 304, 5),
(317, 2, 3, 305, 5),
(318, 2, 3, 306, 5),
(319, 2, 3, 307, 5),
(320, 2, 3, 308, 5),
(321, 2, 3, 309, 5),
(322, 2, 3, 310, 5),
(323, 2, 3, 311, 5),
(324, 2, 3, 312, 5),
(325, 2, 3, 313, 5),
(326, 2, 3, 314, 5),
(327, 2, 3, 315, 5),
(328, 2, 3, 316, 5),
(329, 2, 3, 317, 5),
(330, 2, 3, 318, 5),
(331, 2, 3, 319, 5),
(332, 2, 3, 320, 5),
(333, 2, 3, 321, 5),
(334, 2, 3, 322, 5),
(335, 2, 3, 323, 5),
(336, 2, 3, 324, 5),
(337, 2, 3, 325, 5),
(338, 2, 3, 326, 5),
(339, 2, 3, 327, 5),
(340, 2, 3, 328, 5),
(341, 2, 3, 329, 5),
(342, 2, 3, 330, 5),
(343, 2, 3, 331, 5),
(344, 2, 3, 332, 5),
(345, 2, 3, 333, 5),
(346, 2, 3, 334, 5),
(347, 2, 3, 335, 5),
(348, 2, 3, 336, 5),
(349, 2, 3, 337, 5),
(350, 2, 3, 338, 5),
(351, 2, 3, 339, 5),
(352, 2, 3, 340, 5),
(353, 2, 3, 341, 5),
(354, 2, 3, 342, 5),
(355, 2, 3, 343, 5),
(356, 2, 3, 344, 5),
(357, 2, 3, 345, 5),
(358, 2, 3, 346, 5),
(359, 2, 3, 347, 5),
(360, 2, 3, 348, 5),
(361, 2, 3, 349, 5),
(362, 2, 3, 350, 5),
(363, 2, 4, 401, 5),
(364, 2, 4, 402, 5),
(365, 2, 4, 403, 5),
(366, 2, 4, 404, 5),
(367, 2, 4, 405, 5),
(368, 2, 4, 406, 5),
(369, 2, 4, 407, 5),
(370, 2, 4, 408, 5),
(371, 2, 4, 409, 5),
(372, 2, 4, 410, 5),
(373, 2, 4, 411, 5),
(374, 2, 4, 412, 5),
(375, 2, 4, 413, 5),
(376, 2, 4, 414, 5),
(377, 2, 4, 415, 5),
(378, 2, 4, 416, 5),
(379, 2, 4, 417, 5),
(380, 2, 4, 418, 5),
(381, 2, 4, 419, 5),
(382, 2, 4, 420, 5),
(383, 2, 4, 421, 5),
(384, 2, 4, 422, 5),
(385, 2, 4, 423, 5),
(386, 2, 4, 424, 5),
(387, 2, 4, 425, 5),
(388, 2, 4, 426, 5),
(389, 2, 4, 427, 5),
(390, 2, 4, 428, 5),
(391, 2, 4, 429, 5),
(392, 2, 4, 430, 5),
(393, 2, 4, 431, 5),
(394, 2, 4, 432, 5),
(395, 2, 4, 433, 5),
(396, 2, 4, 434, 5),
(397, 2, 4, 435, 5),
(398, 2, 4, 436, 5),
(399, 2, 4, 437, 5),
(400, 2, 4, 438, 5),
(401, 2, 4, 439, 5),
(402, 2, 4, 440, 5),
(403, 2, 4, 441, 5),
(404, 2, 4, 442, 5),
(405, 2, 4, 443, 5),
(406, 2, 4, 444, 5),
(407, 2, 4, 445, 5),
(408, 2, 4, 446, 5),
(409, 2, 4, 447, 5),
(410, 2, 4, 448, 5),
(411, 2, 4, 449, 5),
(412, 2, 4, 450, 5),
(413, 2, 5, 501, 5),
(414, 2, 5, 502, 5),
(415, 2, 5, 503, 5),
(416, 2, 5, 504, 5),
(417, 2, 5, 505, 5),
(418, 2, 5, 506, 5),
(419, 2, 5, 507, 5),
(420, 2, 5, 508, 5),
(421, 2, 5, 509, 5),
(422, 2, 5, 510, 5),
(423, 2, 5, 511, 5),
(424, 2, 5, 512, 5),
(425, 2, 5, 513, 5),
(426, 2, 5, 514, 5),
(427, 2, 5, 515, 5),
(428, 2, 5, 516, 5),
(429, 2, 5, 517, 5),
(430, 2, 5, 518, 5),
(431, 2, 5, 519, 5),
(432, 2, 5, 520, 5),
(433, 2, 5, 521, 5),
(434, 2, 5, 522, 5),
(435, 2, 5, 523, 5),
(436, 2, 5, 524, 5),
(437, 2, 5, 525, 5),
(438, 2, 5, 526, 5),
(439, 2, 5, 527, 5),
(440, 2, 5, 528, 5),
(441, 2, 5, 529, 5),
(442, 2, 5, 530, 5),
(443, 2, 5, 531, 5),
(444, 2, 5, 532, 5),
(445, 2, 5, 533, 5),
(446, 2, 5, 534, 5),
(447, 2, 5, 535, 5),
(448, 2, 5, 536, 5),
(449, 2, 5, 537, 5),
(450, 2, 5, 538, 5),
(451, 3, 1, 101, 5),
(452, 3, 1, 102, 5),
(453, 3, 1, 103, 5),
(454, 3, 1, 104, 5),
(455, 3, 1, 105, 5),
(456, 3, 1, 106, 5),
(457, 3, 1, 107, 5),
(458, 3, 1, 108, 5),
(459, 3, 1, 109, 5),
(460, 3, 1, 110, 5),
(461, 3, 1, 111, 5),
(462, 3, 1, 112, 5),
(463, 3, 1, 113, 5),
(464, 3, 1, 114, 5),
(465, 3, 1, 115, 5),
(466, 3, 1, 116, 5),
(467, 3, 1, 117, 5),
(468, 3, 1, 118, 5),
(469, 3, 1, 119, 5),
(470, 3, 1, 120, 5),
(471, 3, 1, 121, 5),
(472, 3, 1, 122, 5),
(473, 3, 1, 123, 5),
(474, 3, 1, 124, 5),
(475, 3, 1, 125, 5),
(476, 3, 1, 126, 5),
(477, 3, 1, 127, 5),
(478, 3, 1, 128, 5),
(479, 3, 1, 129, 5),
(480, 3, 1, 130, 5),
(481, 3, 1, 131, 5),
(482, 3, 1, 132, 5),
(483, 3, 1, 133, 5),
(485, 3, 1, 135, 5),
(486, 3, 1, 136, 5),
(487, 3, 1, 137, 5),
(488, 3, 1, 138, 5),
(489, 3, 1, 139, 5),
(490, 3, 1, 140, 5),
(491, 3, 1, 141, 5),
(492, 3, 1, 142, 5),
(493, 3, 1, 143, 5),
(494, 3, 1, 144, 5),
(495, 3, 1, 145, 5),
(496, 3, 1, 146, 5),
(497, 3, 1, 147, 5),
(498, 3, 1, 148, 5),
(499, 3, 1, 149, 5),
(500, 3, 1, 150, 5),
(501, 3, 2, 201, 5),
(502, 3, 2, 202, 5),
(503, 3, 2, 203, 5),
(504, 3, 2, 204, 5),
(505, 3, 2, 205, 5),
(506, 3, 2, 206, 5),
(507, 3, 2, 207, 5),
(508, 3, 2, 208, 5),
(509, 3, 2, 209, 5),
(510, 3, 2, 210, 5),
(511, 3, 2, 211, 5),
(512, 3, 2, 212, 5),
(513, 3, 2, 213, 5),
(514, 3, 2, 214, 5),
(515, 3, 2, 215, 5),
(516, 3, 2, 216, 5),
(517, 3, 2, 217, 5),
(518, 3, 2, 218, 5),
(519, 3, 2, 219, 5),
(520, 3, 2, 220, 5),
(521, 3, 2, 221, 5),
(522, 3, 2, 222, 5),
(523, 3, 2, 223, 5),
(524, 3, 2, 224, 5),
(525, 3, 2, 225, 5),
(526, 3, 2, 226, 5),
(527, 3, 2, 227, 5),
(528, 3, 2, 228, 5),
(529, 3, 2, 229, 5),
(530, 3, 2, 230, 5),
(531, 3, 2, 231, 5),
(532, 3, 2, 232, 5),
(533, 3, 2, 233, 5),
(534, 3, 2, 234, 5),
(535, 3, 2, 235, 5),
(536, 3, 2, 236, 5),
(537, 3, 2, 237, 5),
(538, 3, 2, 238, 5),
(539, 3, 2, 239, 5),
(540, 3, 2, 240, 5),
(541, 3, 2, 241, 5),
(542, 3, 2, 242, 5),
(543, 3, 2, 243, 5),
(544, 3, 2, 244, 5),
(545, 3, 2, 245, 5),
(546, 3, 2, 246, 5),
(547, 3, 2, 247, 5),
(548, 3, 2, 248, 5),
(549, 3, 2, 249, 5),
(550, 3, 2, 250, 5),
(551, 3, 3, 301, 5),
(552, 3, 3, 302, 5),
(553, 3, 3, 303, 5),
(554, 3, 3, 304, 5),
(555, 3, 3, 305, 5),
(556, 3, 3, 306, 5),
(557, 3, 3, 307, 5),
(558, 3, 3, 308, 5),
(559, 3, 3, 309, 5),
(560, 3, 3, 310, 5),
(561, 3, 3, 311, 5),
(562, 3, 3, 312, 5),
(563, 3, 3, 313, 5),
(564, 3, 3, 314, 5),
(565, 3, 3, 315, 5),
(566, 3, 3, 316, 5),
(567, 3, 3, 317, 5),
(568, 3, 3, 318, 5),
(569, 3, 3, 319, 5),
(570, 3, 3, 320, 5),
(571, 3, 3, 321, 5),
(572, 3, 3, 322, 5),
(573, 3, 3, 323, 5),
(574, 3, 3, 324, 5),
(575, 3, 3, 325, 5),
(576, 3, 3, 326, 5),
(577, 3, 3, 327, 5),
(578, 3, 3, 328, 5),
(579, 3, 3, 329, 5),
(580, 3, 3, 330, 5),
(581, 3, 3, 331, 5),
(582, 3, 3, 332, 5),
(583, 3, 3, 333, 5),
(584, 3, 3, 334, 5),
(585, 3, 3, 335, 5),
(586, 3, 3, 336, 5),
(587, 3, 3, 337, 5),
(588, 3, 3, 338, 5),
(589, 3, 3, 339, 5),
(590, 3, 3, 340, 5),
(591, 3, 3, 341, 5),
(592, 3, 3, 342, 5),
(593, 3, 3, 343, 5),
(594, 3, 3, 344, 5),
(595, 3, 3, 345, 5),
(596, 3, 3, 346, 5),
(597, 3, 3, 347, 5),
(598, 3, 3, 348, 5),
(599, 3, 3, 349, 5),
(600, 3, 3, 350, 5),
(601, 3, 4, 301, 5),
(602, 3, 4, 302, 5),
(603, 3, 4, 303, 5),
(604, 3, 4, 304, 5),
(605, 3, 4, 305, 5),
(606, 3, 4, 306, 5),
(607, 3, 4, 307, 5),
(608, 3, 4, 308, 5),
(609, 3, 4, 309, 5),
(610, 3, 4, 310, 5),
(611, 3, 4, 311, 5),
(612, 3, 4, 312, 5),
(613, 3, 4, 313, 5),
(614, 3, 4, 314, 5),
(615, 3, 4, 315, 5),
(616, 3, 4, 316, 5),
(617, 3, 4, 317, 5),
(618, 3, 4, 318, 5),
(619, 3, 4, 319, 5),
(620, 3, 4, 320, 5),
(621, 3, 4, 321, 5),
(622, 3, 4, 322, 5),
(623, 3, 4, 323, 5),
(624, 3, 4, 324, 5),
(625, 3, 4, 325, 5),
(626, 3, 4, 326, 5),
(627, 3, 4, 327, 5),
(628, 3, 4, 328, 5),
(629, 3, 4, 329, 5),
(630, 3, 4, 330, 5),
(631, 3, 4, 331, 5),
(632, 3, 4, 332, 5),
(633, 3, 4, 333, 5),
(634, 3, 4, 334, 5),
(635, 3, 4, 335, 5),
(636, 3, 4, 336, 5),
(637, 3, 4, 337, 5),
(638, 3, 4, 338, 5),
(639, 3, 4, 339, 5),
(640, 3, 4, 340, 5),
(641, 3, 4, 341, 5),
(642, 3, 4, 342, 5),
(643, 3, 4, 343, 5),
(644, 3, 4, 344, 5),
(645, 3, 4, 345, 5),
(646, 3, 4, 346, 5),
(647, 3, 4, 347, 5),
(648, 3, 4, 348, 5),
(649, 3, 4, 349, 5),
(650, 3, 4, 350, 5),
(651, 3, 5, 501, 5),
(652, 3, 5, 502, 5),
(653, 3, 5, 503, 5),
(654, 3, 5, 504, 5),
(655, 3, 5, 505, 5),
(656, 3, 5, 506, 5),
(657, 3, 5, 507, 5),
(658, 3, 5, 508, 5),
(659, 3, 5, 509, 5),
(660, 3, 5, 510, 5),
(661, 3, 5, 511, 5),
(662, 3, 5, 512, 5),
(663, 3, 5, 513, 5),
(664, 3, 5, 514, 5),
(665, 3, 5, 515, 5),
(666, 3, 5, 516, 5),
(667, 3, 5, 517, 5),
(668, 3, 5, 518, 5),
(669, 3, 5, 519, 5),
(670, 3, 5, 520, 5),
(671, 3, 5, 521, 5),
(672, 3, 5, 522, 5),
(673, 3, 5, 523, 5),
(674, 3, 5, 524, 5),
(675, 3, 5, 525, 5),
(676, 3, 5, 526, 5),
(677, 3, 5, 527, 5),
(678, 3, 5, 528, 5),
(679, 3, 5, 529, 5),
(680, 3, 5, 530, 5),
(681, 3, 5, 531, 5),
(682, 3, 5, 532, 5),
(683, 3, 5, 533, 5),
(684, 3, 5, 534, 5),
(685, 3, 5, 535, 5),
(686, 3, 5, 536, 5),
(687, 3, 5, 537, 5),
(688, 3, 5, 538, 5),
(689, 4, 1, 101, 5),
(690, 4, 1, 102, 5),
(691, 4, 1, 103, 5),
(692, 4, 1, 104, 5),
(693, 4, 1, 105, 5),
(694, 4, 1, 106, 5),
(695, 4, 1, 107, 5),
(696, 4, 1, 108, 5),
(697, 4, 1, 109, 5),
(698, 4, 1, 110, 5),
(699, 4, 1, 111, 5),
(700, 4, 1, 112, 5),
(701, 4, 1, 113, 5),
(702, 4, 1, 114, 5),
(703, 4, 1, 115, 5),
(704, 4, 1, 116, 5),
(705, 4, 1, 117, 5),
(706, 4, 1, 118, 5),
(707, 4, 1, 119, 5),
(708, 4, 1, 120, 5),
(709, 4, 1, 121, 5),
(710, 4, 1, 122, 5),
(711, 4, 1, 123, 5),
(712, 4, 1, 124, 5),
(713, 4, 1, 125, 5),
(714, 4, 1, 126, 5),
(715, 4, 1, 127, 5),
(716, 4, 1, 128, 5),
(718, 4, 1, 130, 5),
(719, 4, 1, 131, 5),
(720, 4, 1, 132, 5),
(721, 4, 1, 133, 5),
(722, 4, 1, 134, 5),
(723, 4, 1, 135, 5),
(724, 4, 1, 136, 5),
(725, 4, 1, 137, 5),
(726, 4, 1, 138, 5),
(727, 4, 1, 139, 5),
(728, 4, 1, 140, 5),
(729, 4, 1, 141, 5),
(730, 4, 1, 142, 5),
(731, 4, 1, 143, 5),
(732, 4, 1, 144, 5),
(733, 4, 1, 145, 5),
(734, 4, 1, 146, 5),
(735, 4, 1, 147, 5),
(736, 4, 1, 148, 5),
(737, 4, 1, 149, 5),
(738, 4, 1, 150, 5),
(739, 4, 2, 201, 5),
(740, 4, 2, 202, 5),
(741, 4, 2, 203, 5),
(742, 4, 2, 204, 5),
(743, 4, 2, 205, 5),
(744, 4, 2, 206, 5),
(745, 4, 2, 207, 5),
(746, 4, 2, 208, 5),
(747, 4, 2, 209, 5),
(748, 4, 2, 210, 5),
(749, 4, 2, 211, 5),
(750, 4, 2, 212, 5),
(751, 4, 2, 213, 5),
(752, 4, 2, 214, 5),
(753, 4, 2, 215, 5),
(754, 4, 2, 216, 5),
(755, 4, 2, 217, 5),
(756, 4, 2, 218, 5),
(757, 4, 2, 219, 5),
(758, 4, 2, 220, 5),
(759, 4, 2, 221, 5),
(760, 4, 2, 222, 5),
(761, 4, 2, 223, 5),
(762, 4, 2, 224, 5),
(763, 4, 2, 225, 5),
(764, 4, 2, 226, 5),
(765, 4, 2, 227, 5),
(766, 4, 2, 228, 5),
(767, 4, 2, 229, 5),
(768, 4, 2, 230, 5),
(769, 4, 2, 231, 5),
(770, 4, 2, 232, 5),
(771, 4, 2, 233, 5),
(772, 4, 2, 234, 5),
(773, 4, 2, 235, 5),
(774, 4, 2, 236, 5),
(775, 4, 2, 237, 5),
(776, 4, 2, 238, 5),
(777, 4, 2, 239, 5),
(778, 4, 2, 240, 5),
(779, 4, 2, 241, 5),
(780, 4, 2, 242, 5),
(781, 4, 2, 243, 5),
(782, 4, 2, 244, 5),
(783, 4, 2, 245, 5),
(784, 4, 2, 246, 5),
(785, 4, 2, 247, 5),
(786, 4, 2, 248, 5),
(787, 4, 2, 249, 5),
(788, 4, 2, 250, 5),
(789, 4, 3, 301, 5),
(790, 4, 3, 302, 5),
(791, 4, 3, 303, 5),
(792, 4, 3, 304, 5),
(793, 4, 3, 305, 5),
(794, 4, 3, 306, 5),
(795, 4, 3, 307, 5),
(796, 4, 3, 308, 5),
(797, 4, 3, 309, 5),
(798, 4, 3, 310, 5),
(799, 4, 3, 311, 5),
(800, 4, 3, 312, 5),
(801, 4, 3, 313, 5),
(802, 4, 3, 314, 5),
(803, 4, 3, 315, 5),
(804, 4, 3, 316, 5),
(805, 4, 3, 317, 5),
(806, 4, 3, 318, 5),
(807, 4, 3, 319, 5),
(808, 4, 3, 320, 5),
(809, 4, 3, 321, 5),
(810, 4, 3, 322, 5),
(811, 4, 3, 323, 5),
(812, 4, 3, 324, 5),
(813, 4, 3, 325, 5),
(814, 4, 3, 326, 5),
(815, 4, 3, 327, 5),
(816, 4, 3, 328, 5),
(817, 4, 3, 329, 5),
(818, 4, 3, 330, 5),
(819, 4, 3, 331, 5),
(820, 4, 3, 332, 5),
(821, 4, 3, 333, 5),
(822, 4, 3, 334, 5),
(823, 4, 3, 335, 5),
(824, 4, 3, 336, 5),
(825, 4, 3, 337, 5),
(826, 4, 3, 338, 5),
(827, 4, 3, 339, 5),
(828, 4, 3, 340, 5),
(829, 4, 3, 341, 5),
(830, 4, 3, 342, 5),
(831, 4, 3, 343, 5),
(832, 4, 3, 344, 5),
(833, 4, 3, 345, 5),
(834, 4, 3, 346, 5),
(835, 4, 3, 347, 5),
(836, 4, 3, 348, 5),
(837, 4, 3, 349, 5),
(838, 4, 3, 350, 5),
(839, 4, 4, 401, 5),
(840, 4, 4, 402, 5),
(841, 4, 4, 403, 5),
(842, 4, 4, 404, 5),
(843, 4, 4, 405, 5),
(844, 4, 4, 406, 5),
(845, 4, 4, 407, 5),
(846, 4, 4, 408, 5),
(847, 4, 4, 409, 5),
(848, 4, 4, 410, 5),
(849, 4, 4, 411, 5),
(850, 4, 4, 412, 5),
(851, 4, 4, 413, 5),
(852, 4, 4, 414, 5),
(853, 4, 4, 415, 5),
(854, 4, 4, 416, 5),
(855, 4, 4, 417, 5),
(856, 4, 4, 418, 5),
(857, 4, 4, 419, 5),
(858, 4, 4, 420, 5),
(859, 4, 4, 421, 5),
(860, 4, 4, 422, 5),
(861, 4, 4, 423, 5),
(862, 4, 4, 424, 5),
(863, 4, 4, 425, 5),
(864, 4, 4, 426, 5),
(865, 4, 4, 427, 5),
(866, 4, 4, 428, 5),
(867, 4, 4, 429, 5),
(868, 4, 4, 430, 5),
(869, 4, 4, 431, 5),
(870, 4, 4, 432, 5),
(871, 4, 4, 433, 5),
(872, 4, 4, 434, 5),
(873, 4, 4, 435, 5),
(874, 4, 4, 436, 5),
(875, 4, 4, 437, 5),
(876, 4, 4, 438, 5),
(877, 4, 4, 439, 5),
(878, 4, 4, 440, 5),
(879, 4, 4, 441, 5),
(880, 4, 4, 442, 5),
(881, 4, 4, 443, 5),
(882, 4, 4, 444, 5),
(883, 4, 4, 445, 5),
(884, 4, 4, 446, 5),
(885, 4, 4, 447, 5),
(886, 4, 4, 448, 5),
(887, 4, 4, 449, 5),
(888, 4, 4, 450, 5),
(889, 4, 5, 501, 5),
(890, 4, 5, 502, 5),
(891, 4, 5, 503, 5),
(892, 4, 5, 504, 5),
(893, 4, 5, 505, 5),
(894, 4, 5, 506, 5),
(895, 4, 5, 507, 5),
(896, 4, 5, 508, 5),
(897, 4, 5, 509, 5),
(898, 4, 5, 510, 5),
(899, 4, 5, 511, 5),
(900, 4, 5, 512, 5),
(901, 4, 5, 513, 5),
(902, 4, 5, 514, 5),
(903, 4, 5, 515, 5),
(904, 4, 5, 516, 5),
(905, 4, 5, 517, 5),
(906, 4, 5, 518, 5),
(907, 4, 5, 519, 5),
(908, 4, 5, 520, 5),
(909, 4, 5, 521, 5),
(910, 4, 5, 522, 5),
(911, 4, 5, 523, 5),
(912, 4, 5, 524, 5),
(913, 4, 5, 525, 5),
(914, 4, 5, 526, 5),
(915, 4, 5, 527, 5),
(916, 4, 5, 528, 5),
(917, 4, 5, 529, 5),
(918, 4, 5, 530, 5),
(919, 4, 5, 531, 5),
(920, 4, 5, 532, 5),
(921, 4, 5, 533, 5),
(922, 4, 5, 534, 5),
(923, 4, 5, 535, 5),
(924, 4, 5, 536, 5),
(925, 4, 5, 537, 5),
(926, 4, 5, 538, 5),
(927, 4, 5, 539, 5),
(928, 4, 5, 540, 5),
(929, 4, 5, 541, 5),
(930, 5, 0, 1, 5),
(931, 5, 0, 2, 5),
(932, 5, 0, 3, 5),
(933, 5, 0, 4, 5),
(934, 5, 0, 5, 5),
(935, 5, 0, 6, 5),
(936, 5, 0, 7, 5),
(937, 5, 0, 8, 5),
(938, 5, 0, 9, 5),
(939, 5, 0, 10, 5),
(940, 5, 0, 11, 5),
(941, 5, 0, 12, 5),
(942, 5, 0, 13, 5),
(943, 5, 0, 14, 5),
(944, 5, 0, 15, 5),
(945, 5, 0, 16, 5),
(946, 5, 0, 17, 5),
(947, 5, 0, 18, 5),
(948, 5, 0, 19, 5),
(949, 5, 0, 20, 5),
(950, 5, 0, 21, 5),
(951, 5, 0, 22, 5),
(952, 5, 0, 23, 5),
(953, 5, 0, 24, 5),
(954, 5, 0, 25, 5),
(955, 5, 0, 26, 5),
(956, 5, 1, 101, 5),
(957, 5, 1, 102, 5),
(958, 5, 1, 103, 5),
(959, 5, 1, 104, 5),
(960, 5, 1, 105, 5),
(961, 5, 1, 106, 5),
(962, 5, 1, 107, 5),
(963, 5, 1, 108, 5),
(964, 5, 1, 109, 5),
(965, 5, 1, 110, 5),
(966, 5, 1, 111, 5),
(967, 5, 1, 112, 5),
(968, 5, 1, 113, 5),
(969, 5, 1, 114, 5),
(970, 5, 1, 115, 5),
(971, 5, 1, 116, 5),
(972, 5, 1, 117, 5),
(973, 5, 1, 118, 5),
(974, 5, 1, 119, 5),
(975, 5, 1, 120, 5),
(976, 5, 1, 121, 5),
(977, 5, 1, 122, 5),
(978, 5, 1, 123, 5),
(979, 5, 1, 124, 5),
(980, 5, 1, 125, 5),
(981, 5, 1, 126, 5),
(982, 5, 1, 127, 5),
(983, 5, 1, 128, 5),
(984, 5, 1, 129, 5),
(985, 5, 1, 130, 5),
(986, 5, 1, 131, 5),
(987, 5, 1, 132, 5),
(988, 5, 1, 133, 5),
(989, 5, 1, 134, 5),
(990, 5, 1, 135, 5),
(991, 5, 1, 136, 5),
(992, 5, 1, 137, 5),
(993, 5, 1, 138, 5),
(994, 5, 1, 139, 5),
(995, 5, 1, 140, 5),
(996, 5, 1, 141, 5),
(997, 5, 1, 142, 5),
(998, 5, 1, 143, 5),
(999, 5, 2, 201, 5),
(1000, 5, 2, 202, 5),
(1001, 5, 2, 203, 5),
(1002, 5, 2, 204, 5),
(1003, 5, 2, 205, 5),
(1004, 5, 2, 206, 5),
(1005, 5, 2, 207, 5),
(1006, 5, 2, 208, 5),
(1007, 5, 2, 209, 5),
(1008, 5, 2, 210, 5),
(1009, 5, 2, 211, 5),
(1010, 5, 2, 212, 5),
(1011, 5, 2, 213, 5),
(1012, 5, 2, 214, 5),
(1013, 5, 2, 215, 5),
(1014, 5, 2, 216, 5),
(1015, 5, 2, 217, 5),
(1016, 5, 2, 218, 5),
(1017, 5, 2, 219, 5),
(1018, 5, 2, 220, 5),
(1019, 5, 2, 221, 5),
(1020, 5, 2, 222, 5),
(1021, 5, 2, 223, 5),
(1022, 5, 2, 224, 5),
(1023, 5, 2, 225, 5),
(1024, 5, 2, 226, 5),
(1025, 5, 2, 227, 5),
(1026, 5, 2, 228, 5),
(1027, 5, 2, 229, 5),
(1028, 5, 2, 230, 5),
(1029, 5, 2, 231, 5),
(1030, 5, 2, 232, 5),
(1031, 5, 2, 233, 5),
(1032, 5, 2, 234, 5),
(1033, 5, 2, 235, 5),
(1034, 5, 2, 236, 5),
(1035, 5, 2, 237, 5),
(1036, 5, 2, 238, 5),
(1037, 5, 2, 239, 5),
(1038, 5, 2, 240, 5),
(1039, 5, 2, 241, 5),
(1040, 5, 2, 242, 5),
(1041, 5, 2, 243, 5),
(1042, 5, 3, 301, 5),
(1043, 5, 3, 302, 5),
(1044, 5, 3, 303, 5),
(1045, 5, 3, 304, 5),
(1046, 5, 3, 305, 5),
(1047, 5, 3, 306, 5),
(1048, 5, 3, 307, 5),
(1049, 5, 3, 308, 5),
(1050, 5, 3, 309, 5),
(1051, 5, 3, 310, 5),
(1052, 5, 3, 311, 5),
(1053, 5, 3, 312, 5),
(1054, 5, 3, 313, 5),
(1055, 5, 3, 314, 5),
(1056, 5, 3, 315, 5),
(1057, 5, 3, 316, 5),
(1058, 5, 3, 317, 5),
(1059, 5, 3, 318, 5),
(1060, 5, 3, 319, 5),
(1061, 5, 3, 320, 5),
(1062, 5, 3, 321, 5),
(1063, 5, 3, 322, 5),
(1064, 5, 3, 323, 5),
(1065, 5, 3, 324, 5),
(1066, 5, 3, 325, 5),
(1067, 5, 3, 326, 5),
(1068, 5, 3, 327, 5),
(1069, 5, 3, 328, 5),
(1070, 5, 3, 329, 5),
(1071, 5, 3, 330, 5),
(1072, 5, 3, 331, 5),
(1073, 5, 3, 332, 5),
(1074, 5, 3, 333, 5),
(1075, 5, 3, 334, 5),
(1076, 5, 3, 335, 5),
(1077, 5, 3, 336, 5),
(1078, 5, 3, 337, 5),
(1079, 5, 3, 338, 5),
(1080, 5, 3, 339, 5),
(1081, 5, 3, 340, 5),
(1082, 5, 3, 341, 5),
(1083, 5, 3, 342, 5),
(1084, 5, 3, 343, 5),
(1085, 5, 4, 401, 5),
(1086, 5, 4, 402, 5),
(1087, 5, 4, 403, 5),
(1088, 5, 4, 404, 5),
(1089, 5, 4, 405, 5),
(1090, 5, 4, 406, 5),
(1091, 5, 4, 407, 5),
(1092, 5, 4, 408, 5),
(1093, 5, 4, 409, 5),
(1094, 5, 4, 410, 5),
(1095, 5, 4, 411, 5),
(1096, 5, 4, 412, 5),
(1097, 5, 4, 413, 5),
(1098, 5, 4, 414, 5),
(1099, 5, 4, 415, 5),
(1100, 5, 4, 416, 5),
(1101, 5, 4, 417, 5),
(1102, 5, 4, 418, 5),
(1103, 5, 4, 419, 5),
(1104, 5, 4, 420, 5),
(1105, 5, 4, 421, 5),
(1106, 5, 4, 422, 5),
(1107, 5, 4, 423, 5),
(1108, 5, 4, 424, 5),
(1109, 5, 4, 425, 5),
(1110, 5, 4, 426, 5),
(1111, 5, 4, 427, 5),
(1112, 5, 4, 428, 5),
(1113, 5, 4, 429, 5),
(1114, 5, 4, 430, 5),
(1115, 5, 4, 431, 5),
(1116, 5, 4, 432, 5),
(1117, 5, 4, 433, 5),
(1118, 5, 4, 434, 5),
(1119, 5, 4, 435, 5),
(1120, 5, 4, 436, 5),
(1121, 5, 4, 437, 5),
(1122, 5, 4, 438, 5),
(1123, 5, 4, 439, 5),
(1124, 5, 4, 440, 5),
(1125, 5, 4, 441, 5),
(1126, 5, 4, 442, 5),
(1127, 5, 4, 443, 5),
(1128, 5, 5, 501, 5),
(1129, 5, 5, 502, 5),
(1130, 5, 5, 503, 5),
(1131, 5, 5, 504, 5),
(1132, 5, 5, 505, 5),
(1133, 5, 5, 506, 5),
(1134, 5, 5, 507, 5),
(1135, 5, 5, 508, 5),
(1136, 5, 5, 509, 5),
(1137, 5, 5, 510, 5),
(1138, 5, 5, 511, 5),
(1139, 5, 5, 512, 5),
(1140, 5, 5, 513, 5),
(1141, 5, 5, 514, 5),
(1142, 5, 5, 515, 5),
(1143, 5, 5, 516, 5),
(1144, 5, 5, 517, 5),
(1145, 5, 5, 518, 5),
(1146, 5, 5, 519, 5),
(1147, 5, 5, 520, 5),
(1148, 5, 5, 521, 5),
(1149, 5, 5, 522, 5),
(1150, 5, 5, 523, 5),
(1151, 5, 5, 524, 5),
(1152, 5, 5, 525, 5),
(1153, 5, 5, 526, 5),
(1154, 5, 5, 527, 5),
(1155, 5, 5, 528, 5),
(1156, 5, 5, 529, 5),
(1157, 5, 5, 530, 5),
(1158, 5, 5, 531, 5),
(1159, 5, 5, 532, 5),
(1160, 5, 5, 533, 5),
(1161, 5, 5, 534, 5),
(1162, 5, 5, 535, 5),
(1163, 5, 5, 536, 5),
(1164, 5, 5, 537, 5),
(1165, 5, 5, 538, 5),
(1166, 5, 5, 539, 5),
(1167, 5, 5, 540, 5),
(1168, 5, 5, 541, 5),
(1169, 5, 5, 542, 5),
(1170, 5, 5, 543, 5),
(1171, 6, 0, 101, 5),
(1172, 6, 0, 102, 5),
(1173, 6, 0, 103, 5),
(1174, 6, 0, 104, 5),
(1175, 6, 0, 105, 5),
(1176, 6, 0, 106, 5),
(1177, 6, 0, 107, 5),
(1178, 6, 0, 108, 5),
(1179, 6, 0, 109, 5),
(1180, 6, 0, 110, 5),
(1181, 6, 0, 111, 5),
(1182, 6, 0, 112, 5),
(1183, 6, 0, 113, 5),
(1184, 6, 0, 114, 5),
(1185, 6, 0, 115, 5),
(1186, 6, 0, 116, 5),
(1187, 6, 0, 117, 5),
(1188, 6, 0, 118, 5),
(1192, 6, 0, 122, 5),
(1199, 6, 0, 129, 5),
(1200, 6, 0, 130, 5),
(1201, 6, 0, 131, 5),
(1202, 6, 0, 132, 5),
(1203, 6, 0, 133, 5),
(1204, 6, 0, 134, 5),
(1205, 6, 0, 135, 5),
(1206, 6, 0, 136, 5),
(1207, 6, 1, 201, 5),
(1208, 6, 1, 202, 5),
(1209, 6, 1, 203, 5),
(1210, 6, 1, 204, 5),
(1211, 6, 1, 205, 5),
(1212, 6, 1, 206, 5),
(1213, 6, 1, 207, 5),
(1214, 6, 1, 208, 5),
(1215, 6, 1, 209, 5),
(1216, 6, 1, 210, 5),
(1217, 6, 1, 211, 5),
(1218, 6, 1, 212, 5),
(1219, 6, 1, 213, 5),
(1220, 6, 1, 214, 5),
(1221, 6, 1, 215, 5),
(1222, 6, 1, 216, 5),
(1223, 6, 1, 217, 5),
(1224, 6, 1, 218, 5),
(1231, 6, 1, 225, 5),
(1232, 6, 1, 226, 5),
(1233, 6, 1, 227, 5),
(1234, 6, 1, 228, 5),
(1235, 6, 1, 229, 5),
(1236, 6, 1, 230, 5),
(1238, 6, 1, 232, 5),
(1239, 6, 1, 233, 5),
(1240, 6, 1, 234, 5),
(1241, 6, 1, 235, 5),
(1242, 6, 1, 236, 5),
(1243, 6, 1, 237, 5),
(1244, 6, 1, 238, 5),
(1245, 6, 1, 239, 5),
(1246, 6, 1, 240, 5),
(1247, 6, 1, 241, 5),
(1248, 6, 1, 242, 5),
(1249, 6, 2, 301, 5),
(1250, 6, 2, 302, 5),
(1251, 6, 2, 303, 5),
(1252, 6, 2, 304, 5),
(1253, 6, 2, 305, 5),
(1254, 6, 2, 306, 5),
(1255, 6, 2, 307, 5),
(1256, 6, 2, 308, 5),
(1257, 6, 2, 309, 5),
(1258, 6, 2, 310, 5),
(1259, 6, 2, 311, 5),
(1260, 6, 2, 312, 5),
(1261, 6, 2, 313, 5),
(1262, 6, 2, 314, 5),
(1263, 6, 2, 315, 5),
(1264, 6, 2, 316, 5),
(1265, 6, 2, 317, 5),
(1266, 6, 2, 318, 5),
(1273, 6, 2, 325, 5),
(1274, 6, 2, 326, 5),
(1275, 6, 2, 327, 5),
(1276, 6, 2, 328, 5),
(1277, 6, 2, 329, 5),
(1278, 6, 2, 330, 5),
(1280, 6, 2, 332, 5),
(1281, 6, 2, 333, 5),
(1282, 6, 2, 334, 5),
(1283, 6, 2, 335, 5),
(1284, 6, 2, 336, 5),
(1285, 6, 2, 337, 5),
(1286, 6, 2, 338, 5),
(1287, 6, 2, 339, 5),
(1288, 6, 2, 340, 5),
(1289, 6, 2, 341, 5),
(1290, 6, 2, 342, 5),
(1291, 6, 3, 401, 5),
(1292, 6, 3, 402, 5),
(1293, 6, 3, 403, 5),
(1294, 6, 3, 404, 5),
(1295, 6, 3, 405, 5),
(1296, 6, 3, 406, 5),
(1297, 6, 3, 407, 5),
(1298, 6, 3, 408, 5),
(1299, 6, 3, 409, 5),
(1300, 6, 3, 410, 5),
(1301, 6, 3, 411, 5),
(1302, 6, 3, 412, 5),
(1303, 6, 3, 413, 5),
(1304, 6, 3, 414, 5),
(1305, 6, 3, 415, 5),
(1306, 6, 3, 416, 5),
(1307, 6, 3, 417, 5),
(1308, 6, 3, 418, 5),
(1315, 6, 3, 425, 5),
(1316, 6, 3, 426, 5),
(1317, 6, 3, 427, 5),
(1318, 6, 3, 428, 5),
(1319, 6, 3, 429, 5),
(1320, 6, 3, 430, 5),
(1322, 6, 3, 432, 5),
(1323, 6, 3, 433, 5),
(1324, 6, 3, 434, 5),
(1325, 6, 3, 435, 5),
(1326, 6, 3, 436, 5),
(1327, 6, 3, 437, 5),
(1328, 6, 3, 438, 5),
(1329, 6, 3, 439, 5),
(1330, 6, 3, 440, 5),
(1331, 6, 3, 441, 5),
(1332, 6, 3, 442, 5),
(1333, 6, 4, 501, 5),
(1334, 6, 4, 502, 5),
(1335, 6, 4, 503, 5),
(1336, 6, 4, 504, 5),
(1337, 6, 4, 505, 5),
(1338, 6, 4, 506, 5),
(1339, 6, 4, 507, 5),
(1340, 6, 4, 508, 5),
(1341, 6, 4, 509, 5),
(1342, 6, 4, 510, 5),
(1343, 6, 4, 511, 5),
(1344, 6, 4, 512, 5),
(1345, 6, 4, 513, 5),
(1346, 6, 4, 514, 5),
(1347, 6, 4, 515, 5),
(1348, 6, 4, 516, 5),
(1349, 6, 4, 517, 5),
(1350, 6, 4, 518, 5),
(1357, 6, 4, 525, 5),
(1358, 6, 4, 526, 5),
(1359, 6, 4, 527, 5),
(1360, 6, 4, 528, 5),
(1361, 6, 4, 529, 5),
(1362, 6, 4, 530, 5),
(1364, 6, 4, 532, 5),
(1365, 6, 4, 533, 5),
(1366, 6, 4, 534, 5),
(1367, 6, 4, 535, 5),
(1368, 6, 4, 536, 5),
(1369, 6, 4, 537, 5),
(1370, 6, 4, 538, 5),
(1371, 6, 4, 539, 5),
(1372, 6, 4, 540, 5),
(1373, 6, 4, 541, 5),
(1374, 6, 4, 542, 5),
(1375, 6, 5, 601, 5),
(1376, 6, 5, 602, 5),
(1377, 6, 5, 603, 5),
(1378, 6, 5, 604, 5),
(1379, 6, 5, 605, 5),
(1380, 6, 5, 606, 5),
(1381, 6, 5, 607, 5),
(1382, 6, 5, 608, 5),
(1383, 6, 5, 609, 5),
(1384, 6, 5, 610, 5),
(1385, 6, 5, 611, 5),
(1386, 6, 5, 612, 5),
(1387, 6, 5, 613, 5),
(1388, 6, 5, 614, 5),
(1389, 6, 5, 615, 5),
(1390, 6, 5, 616, 5),
(1391, 6, 5, 617, 5),
(1392, 6, 5, 618, 5),
(1397, 6, 5, 623, 5),
(1398, 6, 5, 624, 5),
(1399, 6, 5, 625, 5),
(1400, 6, 5, 626, 5),
(1401, 6, 5, 627, 5),
(1402, 6, 5, 628, 5),
(1404, 6, 5, 630, 5),
(1405, 6, 5, 631, 5),
(1406, 6, 5, 632, 5),
(1407, 6, 5, 633, 5),
(1408, 6, 5, 634, 5),
(1409, 6, 5, 635, 5),
(1410, 6, 5, 636, 5),
(1411, 6, 5, 637, 5),
(1412, 6, 5, 638, 5),
(1413, 6, 5, 639, 5),
(1414, 6, 5, 640, 5),
(1415, 7, 0, 2, 5),
(1416, 7, 0, 3, 5),
(1417, 7, 0, 4, 5),
(1418, 7, 0, 5, 5),
(1419, 7, 0, 6, 5),
(1420, 7, 0, 7, 5),
(1421, 7, 0, 8, 5),
(1422, 7, 0, 9, 5),
(1423, 7, 0, 10, 5),
(1424, 7, 0, 11, 5),
(1429, 7, 0, 16, 5),
(1430, 7, 1, 101, 5),
(1431, 7, 1, 102, 5),
(1432, 7, 1, 103, 5),
(1433, 7, 1, 104, 5),
(1434, 7, 1, 105, 5),
(1435, 7, 1, 106, 5),
(1436, 7, 1, 107, 5),
(1437, 7, 1, 108, 5),
(1438, 7, 1, 109, 5),
(1439, 7, 1, 110, 5),
(1440, 7, 1, 111, 5),
(1441, 7, 1, 112, 5),
(1442, 7, 1, 113, 5),
(1443, 7, 1, 114, 5),
(1444, 7, 1, 115, 5),
(1445, 7, 2, 201, 5),
(1446, 7, 2, 202, 5),
(1447, 7, 2, 203, 5),
(1448, 7, 2, 204, 5),
(1449, 7, 2, 205, 5),
(1450, 7, 2, 206, 5),
(1451, 7, 2, 207, 5),
(1452, 7, 2, 208, 5),
(1453, 7, 2, 209, 5),
(1454, 7, 2, 210, 5),
(1455, 7, 2, 211, 5),
(1456, 7, 2, 212, 5),
(1457, 7, 2, 213, 5),
(1458, 7, 2, 214, 5),
(1459, 7, 2, 215, 5),
(1460, 7, 2, 216, 5),
(1461, 7, 2, 217, 5),
(1462, 7, 2, 218, 5),
(1463, 7, 3, 301, 5),
(1464, 7, 3, 302, 5),
(1465, 7, 3, 303, 5),
(1466, 7, 3, 304, 5),
(1467, 7, 3, 305, 5),
(1468, 7, 3, 306, 5),
(1469, 7, 3, 307, 5),
(1470, 7, 3, 308, 5),
(1471, 7, 3, 309, 5),
(1472, 7, 3, 310, 5),
(1473, 7, 3, 311, 5),
(1474, 7, 3, 312, 5),
(1475, 7, 3, 313, 5),
(1476, 7, 3, 314, 5),
(1477, 7, 3, 315, 5),
(1478, 7, 3, 316, 5),
(1479, 7, 3, 317, 5),
(1480, 7, 3, 318, 5),
(1481, 7, 4, 401, 5),
(1482, 7, 4, 402, 5),
(1483, 7, 4, 403, 5),
(1484, 7, 4, 404, 5),
(1485, 7, 4, 405, 5),
(1486, 7, 4, 406, 5),
(1487, 7, 4, 407, 5),
(1488, 7, 4, 408, 5),
(1489, 7, 4, 409, 5),
(1490, 7, 4, 410, 5),
(1491, 7, 4, 411, 5),
(1492, 7, 4, 412, 5),
(1493, 7, 4, 413, 5),
(1494, 7, 4, 414, 5),
(1495, 7, 4, 415, 5),
(1496, 7, 4, 416, 5),
(1497, 7, 4, 417, 5),
(1498, 7, 4, 418, 5),
(1499, 7, 5, 501, 5),
(1500, 7, 5, 502, 5),
(1501, 7, 5, 503, 5),
(1502, 7, 5, 504, 5),
(1503, 7, 5, 505, 5),
(1504, 7, 5, 506, 5),
(1505, 7, 5, 507, 5),
(1506, 7, 5, 508, 5),
(1507, 7, 5, 509, 5),
(1508, 7, 5, 510, 5),
(1509, 7, 5, 511, 5),
(1510, 7, 5, 512, 5),
(1511, 7, 5, 513, 5),
(1512, 7, 5, 514, 5),
(1513, 7, 5, 515, 5),
(1514, 7, 5, 516, 5),
(1515, 7, 5, 517, 5),
(1516, 7, 5, 518, 5),
(1517, 8, 0, 1, 5),
(1518, 8, 0, 2, 5),
(1519, 8, 0, 3, 5),
(1520, 8, 0, 4, 5),
(1521, 8, 0, 5, 5),
(1522, 8, 0, 6, 5),
(1523, 8, 0, 7, 5),
(1524, 8, 0, 8, 5),
(1525, 8, 1, 101, 5),
(1526, 8, 1, 102, 5),
(1527, 8, 1, 103, 5),
(1528, 8, 1, 104, 5),
(1529, 8, 1, 105, 5),
(1530, 8, 1, 106, 5),
(1531, 8, 1, 107, 5),
(1532, 8, 1, 108, 5),
(1533, 8, 1, 109, 5),
(1534, 8, 1, 110, 5),
(1535, 8, 1, 111, 5),
(1536, 8, 1, 112, 5),
(1537, 8, 1, 113, 5),
(1538, 8, 1, 114, 5),
(1539, 8, 1, 115, 5),
(1540, 8, 2, 201, 5),
(1541, 8, 2, 202, 5),
(1542, 8, 2, 203, 5),
(1543, 8, 2, 204, 5),
(1544, 8, 2, 205, 5),
(1545, 8, 2, 206, 5),
(1546, 8, 2, 207, 5),
(1547, 8, 2, 208, 5),
(1548, 8, 2, 209, 5),
(1549, 8, 2, 210, 5),
(1550, 8, 2, 211, 5),
(1551, 8, 2, 212, 5),
(1552, 8, 2, 213, 5),
(1553, 8, 2, 214, 5),
(1554, 8, 2, 215, 5),
(1555, 8, 3, 301, 5),
(1556, 8, 3, 302, 5),
(1557, 8, 3, 303, 5),
(1558, 8, 3, 304, 5),
(1559, 8, 3, 305, 5),
(1560, 8, 3, 306, 5),
(1561, 8, 3, 307, 5),
(1562, 8, 3, 308, 5),
(1563, 8, 3, 309, 5),
(1564, 8, 3, 310, 5),
(1565, 8, 3, 311, 5),
(1566, 8, 3, 312, 5),
(1567, 8, 3, 313, 5),
(1568, 8, 3, 314, 5),
(1569, 8, 3, 315, 5),
(1570, 8, 3, 316, 5),
(1571, 8, 4, 401, 5),
(1572, 8, 4, 402, 5),
(1573, 8, 4, 403, 5),
(1574, 8, 4, 404, 5),
(1575, 8, 4, 405, 5),
(1576, 8, 4, 406, 5),
(1577, 8, 4, 407, 5),
(1578, 8, 4, 408, 5),
(1579, 8, 4, 409, 5),
(1580, 8, 4, 410, 5),
(1581, 8, 4, 411, 5),
(1582, 8, 4, 412, 5),
(1583, 8, 4, 413, 5),
(1584, 8, 4, 414, 5),
(1585, 8, 4, 415, 5),
(1586, 8, 4, 416, 5),
(1587, 8, 5, 501, 5),
(1588, 8, 5, 502, 5),
(1589, 8, 5, 503, 5),
(1590, 8, 5, 504, 5),
(1591, 8, 5, 505, 5),
(1592, 8, 5, 506, 5),
(1593, 8, 5, 507, 5),
(1594, 8, 5, 508, 5),
(1595, 8, 5, 509, 5),
(1596, 8, 5, 510, 5),
(1597, 8, 5, 511, 5),
(1598, 8, 5, 512, 5),
(1599, 8, 5, 513, 5),
(1600, 8, 5, 514, 5),
(1601, 8, 5, 515, 5),
(1602, 8, 5, 516, 5);

-- --------------------------------------------------------

--
-- Table structure for table `student`
--

DROP TABLE IF EXISTS `student`;
CREATE TABLE IF NOT EXISTS `student` (
  `ID` int(10) NOT NULL AUTO_INCREMENT,
  `Student_ID` int(10) NOT NULL,
  `Faculty_ID` int(10) NOT NULL,
  `Grade_ID` int(10) NOT NULL,
  `State_ID` int(10) NOT NULL,
  PRIMARY KEY (`ID`),
  KEY `Student_ID` (`Student_ID`,`Faculty_ID`,`Grade_ID`,`State_ID`),
  KEY `State_ID` (`State_ID`),
  KEY `Faculty_ID` (`Faculty_ID`),
  KEY `Grade_ID` (`Grade_ID`)
) ENGINE=InnoDB AUTO_INCREMENT=5 DEFAULT CHARSET=utf8;

--
-- Dumping data for table `student`
--

INSERT INTO `student` (`ID`, `Student_ID`, `Faculty_ID`, `Grade_ID`, `State_ID`) VALUES
(1, 7, 1, 1, 2),
(2, 12, 2, 1, 1),
(3, 15, 1, 2, 1),
(4, 16, 2, 2, 2);

-- --------------------------------------------------------

--
-- Table structure for table `studentstate`
--

DROP TABLE IF EXISTS `studentstate`;
CREATE TABLE IF NOT EXISTS `studentstate` (
  `ID` int(10) NOT NULL AUTO_INCREMENT,
  `State` varchar(20) NOT NULL,
  PRIMARY KEY (`ID`)
) ENGINE=InnoDB AUTO_INCREMENT=4 DEFAULT CHARSET=utf8;

--
-- Dumping data for table `studentstate`
--

INSERT INTO `studentstate` (`ID`, `State`) VALUES
(1, 'مقبول'),
(2, 'قيد الانتظار'),
(3, 'مرفوض');

-- --------------------------------------------------------

--
-- Table structure for table `user`
--

DROP TABLE IF EXISTS `user`;
CREATE TABLE IF NOT EXISTS `user` (
  `ID` int(10) NOT NULL AUTO_INCREMENT,
  `FirstName` varchar(50) NOT NULL,
  `MiddleName` varchar(50) NOT NULL,
  `FamilyName` varchar(50) NOT NULL,
  `DateOfBirth` date NOT NULL,
  `Mobile` bigint(20) NOT NULL,
  `Home` bigint(11) NOT NULL,
  `NationalID` bigint(15) NOT NULL,
  `Address_ID` int(10) NOT NULL,
  `Email` varchar(100) NOT NULL,
  `Password` varchar(20) NOT NULL,
  `usertype_ID` int(10) NOT NULL,
  PRIMARY KEY (`ID`),
  KEY `usertype_ID` (`usertype_ID`),
  KEY `Address_ID` (`Address_ID`)
) ENGINE=InnoDB AUTO_INCREMENT=17 DEFAULT CHARSET=utf8;

--
-- Dumping data for table `user`
--

INSERT INTO `user` (`ID`, `FirstName`, `MiddleName`, `FamilyName`, `DateOfBirth`, `Mobile`, `Home`, `NationalID`, `Address_ID`, `Email`, `Password`, `usertype_ID`) VALUES
(1, 'رندا', 'محمد', 'رشاد', '1984-02-06', 1128931312, 26357052, 452358569, 3, 'randaosama1999@gmail.com', 'randod', 3),
(7, 'نور', 'اشرف', 'عوني', '2000-10-24', 1002891312, 22645712, 741258547152, 9, 'NourAshraf@gmail.com', 'nourawny', 1),
(12, 'ريم ', 'اسامة', 'عباس', '1993-02-09', 1128931312, 22467238, 542158966532, 12, 'reem@gmail.com', 'reemos', 1),
(15, 'مريم', 'احمد', 'اشرف', '1996-01-31', 1128931312, 22467238, 85421568965, 12, 'mariam@gmail.com', 'mariom', 1),
(16, 'منيرة', 'السيد', 'احمد', '1995-09-26', 1096266455, 22467238, 852356983265, 3, 'monira@gmail.com', 'monira123', 1);

-- --------------------------------------------------------

--
-- Table structure for table `usertype`
--

DROP TABLE IF EXISTS `usertype`;
CREATE TABLE IF NOT EXISTS `usertype` (
  `ID` int(10) NOT NULL AUTO_INCREMENT,
  `Type` varchar(50) NOT NULL,
  PRIMARY KEY (`ID`)
) ENGINE=InnoDB AUTO_INCREMENT=23 DEFAULT CHARSET=utf8;

--
-- Dumping data for table `usertype`
--

INSERT INTO `usertype` (`ID`, `Type`) VALUES
(1, 'طالبة'),
(2, 'عاملة بشئون الطلبة'),
(3, 'ادمن'),
(4, 'عاملة بشئون المالية'),
(5, 'عاملة بالخزنة'),
(6, 'رئيسة قسم المخازن و أمناء العهد'),
(7, 'عاملة بحسابات التغذية'),
(8, 'عاملة بالخدمات'),
(9, 'عاملة بادارة التغذية'),
(10, 'عاملة بشئون العاملين'),
(11, 'عاملة بقسم الاستحقاقات'),
(12, 'عاملة بادارة المكتبات'),
(13, 'عاملة بالبونات'),
(14, 'مهندسة الصيانة'),
(15, 'مديرة المدينة '),
(16, 'رئيسة الاسكان'),
(17, 'سكرتيرة'),
(18, 'مهندسة زراعة'),
(19, 'عاملة بغرفة التصوير'),
(20, 'عاملة بالمكتبة'),
(21, 'عاملة بقسم التحقيقات'),
(22, 'طبيب');

-- --------------------------------------------------------

--
-- Table structure for table `usertypelinks`
--

DROP TABLE IF EXISTS `usertypelinks`;
CREATE TABLE IF NOT EXISTS `usertypelinks` (
  `ID` int(10) NOT NULL AUTO_INCREMENT,
  `userType_ID` int(10) NOT NULL,
  `links_ID` int(10) NOT NULL,
  PRIMARY KEY (`ID`),
  KEY `userType_ID` (`userType_ID`,`links_ID`),
  KEY `links_ID` (`links_ID`)
) ENGINE=InnoDB AUTO_INCREMENT=33 DEFAULT CHARSET=utf8;

--
-- Dumping data for table `usertypelinks`
--

INSERT INTO `usertypelinks` (`ID`, `userType_ID`, `links_ID`) VALUES
(5, 1, 3),
(31, 1, 24),
(7, 2, 3),
(1, 3, 1),
(2, 3, 2),
(3, 3, 3),
(4, 3, 4),
(10, 3, 7),
(11, 3, 8),
(13, 3, 10),
(14, 3, 11),
(16, 3, 13),
(17, 3, 14),
(19, 3, 15),
(20, 3, 16),
(21, 3, 17),
(23, 3, 18),
(24, 3, 19),
(25, 3, 20),
(26, 3, 21),
(27, 3, 22),
(28, 3, 23);

--
-- Constraints for dumped tables
--

--
-- Constraints for table `paymentmethodoptions`
--
ALTER TABLE `paymentmethodoptions`
  ADD CONSTRAINT `paymentmethodoptions_ibfk_1` FOREIGN KEY (`Pay_ID`) REFERENCES `paymentmethod` (`ID`),
  ADD CONSTRAINT `paymentmethodoptions_ibfk_2` FOREIGN KEY (`Option_ID`) REFERENCES `options` (`ID`);

--
-- Constraints for table `paymentmethodoptionsvalue`
--
ALTER TABLE `paymentmethodoptionsvalue`
  ADD CONSTRAINT `paymentmethodoptionsvalue_ibfk_1` FOREIGN KEY (`PaymethodOptions_ID`) REFERENCES `paymentmethodoptions` (`ID`),
  ADD CONSTRAINT `paymentmethodoptionsvalue_ibfk_2` FOREIGN KEY (`Reservation_ID`) REFERENCES `reservation` (`ID`);

--
-- Constraints for table `reservation`
--
ALTER TABLE `reservation`
  ADD CONSTRAINT `reservation_ibfk_1` FOREIGN KEY (`Student_ID`) REFERENCES `user` (`ID`);

--
-- Constraints for table `reservationdetails`
--
ALTER TABLE `reservationdetails`
  ADD CONSTRAINT `reservationdetails_ibfk_1` FOREIGN KEY (`Room_ID`) REFERENCES `room` (`ID`),
  ADD CONSTRAINT `reservationdetails_ibfk_2` FOREIGN KEY (`Reservation_ID`) REFERENCES `reservation` (`ID`);

--
-- Constraints for table `room`
--
ALTER TABLE `room`
  ADD CONSTRAINT `room_ibfk_1` FOREIGN KEY (`BuildingNo`) REFERENCES `buildings` (`ID`);

--
-- Constraints for table `student`
--
ALTER TABLE `student`
  ADD CONSTRAINT `student_ibfk_1` FOREIGN KEY (`Student_ID`) REFERENCES `user` (`ID`),
  ADD CONSTRAINT `student_ibfk_2` FOREIGN KEY (`State_ID`) REFERENCES `studentstate` (`ID`),
  ADD CONSTRAINT `student_ibfk_3` FOREIGN KEY (`Faculty_ID`) REFERENCES `faculties` (`ID`),
  ADD CONSTRAINT `student_ibfk_4` FOREIGN KEY (`Grade_ID`) REFERENCES `grades` (`ID`);

--
-- Constraints for table `user`
--
ALTER TABLE `user`
  ADD CONSTRAINT `user_ibfk_1` FOREIGN KEY (`usertype_ID`) REFERENCES `usertype` (`ID`),
  ADD CONSTRAINT `user_ibfk_2` FOREIGN KEY (`Address_ID`) REFERENCES `address` (`ID`);

--
-- Constraints for table `usertypelinks`
--
ALTER TABLE `usertypelinks`
  ADD CONSTRAINT `usertypelinks_ibfk_1` FOREIGN KEY (`userType_ID`) REFERENCES `usertype` (`ID`),
  ADD CONSTRAINT `usertypelinks_ibfk_2` FOREIGN KEY (`links_ID`) REFERENCES `links` (`ID`);
COMMIT;

/*!40101 SET CHARACTER_SET_CLIENT=@OLD_CHARACTER_SET_CLIENT */;
/*!40101 SET CHARACTER_SET_RESULTS=@OLD_CHARACTER_SET_RESULTS */;
/*!40101 SET COLLATION_CONNECTION=@OLD_COLLATION_CONNECTION */;
